<?xml version="1.0" encoding="UTF-8"?>
<project-private xmlns="http://www.netbeans.org/ns/project-private/1">
    <editor-bookmarks xmlns="http://www.netbeans.org/ns/editor-bookmarks/2" lastBookmarkId="0"/>
    <open-files xmlns="http://www.netbeans.org/ns/projectui-open-files/2">
        <group>
            <file>file:/D:/CustomP/11A/crypto/Encryption-Project/src/in/ganeshsharma/EncryptionSystem/Main.java</file>
            <file>file:/D:/CustomP/11A/crypto/Encryption-Project/src/in/ganeshsharma/EncryptionSystem/Cryptography.java</file>
            <file>file:/D:/CustomP/11A/crypto/Encryption-Project/src/in/ganeshsharma/EncryptionSystem/logo.GIF</file>
        </group>
    </open-files>
</project-private>
